{
    "Taqi": {
        "ClientId": "4692b43d-681c-4248-aeaf-139a7888c2f1",
        "ClientSecret": "WZwYvbjg_r0DRC6~VgCq~jFHic",
        "TokenVenda": "11iegpUaG_9ZBG-Vr_Q5cbY-IQQE66SN0QSzE15rcfc7asgQwb05o6ms4B3jV9eFH36jf5QqHHUqooPagOaqbMqAzk3lrun172ezVSiUeSk",
        "MerchantId": "1BE8D597D78B4F48",
        "UsuarioFTP": "taqi_br",
        "SenhaFTP": "4CI8littUutDrPUmH.tT",
        "BU": "taqi"
    },
    "TaqiCorp": {
        "ClientId": "e3173c48-0f09-4933-87e0-9104b27fc7f9",
        "ClientSecret": "2Oh1G.MW1uCi5mtGmZxUhTvAKh",
        "TokenVenda": "Osr6QKcN2KjH7R491DvPA_SC88oFT27pC0haxODNvx57cqJRs3DUcUgpNE2B1qzKpjt1Hxg4PkNB2tWOJIheUsqAzk3lrun172ezVSiUeSk",
        "MerchantId": "17BC9EBE93E04581",
        "UsuarioFTP": "taqi_empresas",
        "SenhaFTP": "ylvx9Eb5qISnBmG.ugxn",
        "BU": "taqi_empresas"
    },
    "Iplace": {
        "ClientId": "eeb88f7d-3899-4f17-bff2-bd0034ab9220",
        "ClientSecret": "wQanN.2edTG0Jb_p4~gmrD9X~K",
        "TokenVenda": "4KfNYdPTCzaAbmepLy_6b1UjPdQaDrobSwTS7QcGrPKzcnFImuitCFvHd0uOm9fSGAwIfvIEwxUVlquiFWPIpsqAzk3lrun172ezVSiUeSk",
        "MerchantId": "1975A4B7889164B7",
        "UsuarioFTP": "iplace",
        "SenhaFTP": "OjVvRmSzAxnmNy7UYh8C",
        "BU": "iplace"
    },
    "IplaceCorp": {
        "ClientId": "bb50e7ee-f89f-4809-8a65-8fb6b3a43597",
        "ClientSecret": "em68pwxbpa39v67jg2HVkxirj1",
        "TokenVenda": "ejUAyD_AMAo44HmSPBoXKCmKS0mFgqTYo5D-rBj-3gH_H6ufia-lhvfmxHe-xmWX4AVzuelxuch_NwJ0UsYPQcqAzk3lrun172ezVSiUeSk",
        "MerchantId": "13C7414CF6D0E1E1",
        "UsuarioFTP": "lplace_corp",
        "SenhaFTP": "KXdLRkdrmH6BPWo57Vfb",
        "BU": "lplace_corp"
    },
    "IplaceUY": {
        "ClientId": "bec4df15-29fc-4f1d-801c-af208dbef0bc",
        "ClientSecret": ".sORCNug7eqf-LBXRB-iGRaIIU",
        "TokenVenda": "4Ro5dR7n_lCExJ3wFV2xDb2ouABRcHN80o6-35qerQclGe5yFov3zWjdCVnBwencpdo3TQk25er1mKuycHHml8qAzk3lrun172ezVSiUeSk",
        "MerchantId": "145ED57AB810D646",
        "UsuarioFTP": "iplace_uy",
        "SenhaFTP": "ayqwVN8NxF6n265iMFIR",
        "BU": "iplace_uy"
    },
    "VouLevar": {
        "ClientId": "eeddc59b-90a8-414f-a835-6eada14a3e2a",
        "ClientSecret": "xQAlcOaJcGw7m6xkLhZrwjkjKY",
        "TokenVenda": "5MaAQgW7v-y4mkK_lcD8JM4kCCsu-LXScd80sXXMUjcHj9aZ7d-MBRdSKAbxe36ncSOQHRnQn1OuwqKplYV_acqAzk3lrun172ezVSiUeSk",
        "MerchantId": "1007407A39AAA025",
        "UsuarioFTP": "voulevar",
        "SenhaFTP": "r0DS5zm8zURZ1nui3BY5",
        "BU": "voulevar"
    },
    "HsFinanceira": {
        "ClientId": "aa834aca-9e4d-419f-946c-27360639da0b",
        "ClientSecret": "yHdLJAyIlUWe2.jVHnOyrr2vba",
        "TokenVenda": "eFQR9kwXSa6z255qv_OL1tmgHlvGHoWR_iYXIz4VvAI9IpuyeBdwZZKyDnsM2hqklTM4irAc4v1BMwzFeRb4AsqAzk3lrun172ezVSiUeSk",
        "MerchantId": "1F668F10C779FDAD",
        "UsuarioFTP": "hsfinanceira",
        "SenhaFTP": "F8ape7p0VJV6ZPS2XrdR",
        "BU": "hs financeira"
    },
    "HsConsorcio": {
        "ClientId": "e6952ee5-e041-4627-b447-887644d8dee2",
        "ClientSecret": "_Wp.SNcq8hzSwZdBEEzZpVB2r8",
        "TokenVenda": "rfjTRDpR0CoKFlJfEiTeIacX22rvU4DS9Ye7HSWWRtjnQzh2sNgbEI_gBoPRvJbqCXa3HDtKTBSJRCxmdb_pyMqAzk3lrun172ezVSiUeSk",
        "MerchantId": "17669EA779C683E4",
        "UsuarioFTP": "hsconsorcio",
        "SenhaFTP": "vEkY6p5V6PTT65eZtNlU",
        "BU": "hs consorcios"
    },
    "Herval": {
        "ClientId": "a12b666e-7a44-4240-8363-c3764c1e4e5e",
        "ClientSecret": ".n2YbH3Ije.yMcFonRkv3bVUB7"
    },
    "HTSolutions": {
        "ClientId": "c92b8954-fd38-4480-a682-3b450d518e28",
        "ClientSecret": "qz5U9v~j6r8q0Q0yHLqqoDJU_W",
        "TokenVenda": "5zWq9EjlhOhV8jbRraw_eJWvr8SsnPy_e8zzkiCNWM1coe0mlM2_tU7AkmVy1zSASLguqbArU0IiBIor1Q6WucqAzk3lrun172ezVSiUeSk",
        "MerchantId": "17A0BCB9F92F7E0F",
        "UsuarioFTP": "ht_solutions",
        "SenhaFTP": "RacZhuzB0w31LrwfNSVe",
        "BU": "ht_solutions"
    },
    "Volis": {
        "ClientId": "6cc285fb-7db9-42b4-b890-dca0cc69f522",
        "ClientSecret": "cjZBaiUL1w9HLEz.DwSItXUScK",
        "TokenVenda": "a4EsMElLEAU9oYIgcSiTPacGvdsUoXqQGe6CK_063HwfZvUSrQn7WaGiwQpdXh1bZ2JJkr99omr1uff8luzLhsqAzk3lrun172ezVSiUeSk",
        "MerchantId": "1350D494FCEDF9F6",
        "UsuarioFTP": "volis_br",
        "SenhaFTP": "NceNl9xJJPYG82mjt1kZ",
        "BU": "volis"
    },
    "MisterTech": {
        "ClientId": "1f336610-efcd-4675-8b71-b970d6a45968",
        "ClientSecret": "_b9hbkqhurkua.kuVStRVya3ES",
        "TokenVenda": "n3ZePafO_eThhwKYOkvVpHUht9UYo9MZLShGBz6p08ugqo-AIid5Pw4u47L_CesL6A2CiA5itO7cRkcJzdaecMqAzk3lrun172ezVSiUeSk",
        "MerchantId": "1E3705BDD586344B",
        "UsuarioFTP": "mistertech",
        "SenhaFTP": "eFD9vFd31GcNz0InViF1",
        "BU": "mistertech"
    },
    "UUltis": {
        "ClientId": "e013e9e9-e6ce-4985-abd0-163cde0eea1f",
        "ClientSecret": "1UiYwplahl2tdxBEmsFpzukY.w",
        "TokenVenda": "mAiaHC4PfFBaPu9ue7WHPGyTjO3O3DWbCfIk4qGT53OHKwp33ZcB90J9LHeWcoXjr-fM06aWV10b-dKobP_7e8qAzk3lrun172ezVSiUeSk",
        "MerchantId": "1F11C907FA9DF0F0",
        "UsuarioFTP": "uultis",
        "SenhaFTP": "KDMEYPaFKeuOofYO95cr",
        "BU": "uultis"
    },
    "Corretora": {
        "ClientId": "d76dd4a8-c0b3-45ce-978c-f8f001e3575c",
        "ClientSecret": "tkQoqSMN8qsfp.Lvi~KiyPCbJG",
        "TokenVenda":"g7JR0D9nfHMP5MjeTQLGOA7-UkTOxH7YgS8G10nJ2Pu7uKQkWjA0_4XijCMCbIWfi0zmmuSlEkYlbeN117x1Njlp-AIYwnzvLEifks8Y-sI",
        "MerchantId": "19B48A29230957B2",
        "BU": "herval_corretora001"
    }
}